,country,city_rec
0,Nigeria,"Lagos is often considered the most tourist-friendly city in Nigeria. As the country's largest city and a major financial center, Lagos offers a vibrant mix of culture, entertainment, and attractions. Visitors can explore beautiful beaches like Tarkwa Bay, enjoy wildlife at the Lekki Conservation Centre, and experience the lively markets and art scenes, especially in areas like Victoria Island and Lekki.

Other notable tourist-friendly cities include Abuja, the capital, which is known for its modern architecture and parks, and Calabar, famous for its rich history and the annual Calabar Carnival. Each of these cities provides unique experiences for travelers looking to immerse themselves in Nigerian culture."
1,Chile,"Santiago is often considered the most tourist-friendly city in Chile. As the capital and largest city, it serves as a major cultural and economic hub. Santiago offers a wide range of attractions, including museums, parks, historic neighborhoods like Barrio Bellavista and Lastarria, and beautiful views from the nearby Andes mountains. 

Additionally, the city features a well-developed infrastructure for tourists, including a metro system, hotels, restaurants, and guided tours. Other cities in Chile, such as Valpara√≠so and Pucon, are also popular among tourists for their unique charm and activities, but Santiago generally provides the most comprehensive experience for visitors."
2,France,"Paris is often considered the most tourist-friendly city in France. With its iconic landmarks like the Eiffel Tower, the Louvre Museum, and Notre-Dame Cathedral, as well as a wide range of accommodations, dining options, and transportation facilities, Paris is well-equipped to cater to tourists. The city also offers various tourist services, guided tours, and information centers to help visitors make the most of their stay. Additionally, its extensive public transportation system makes it easy to navigate. Other cities like Nice, Lyon, and Bordeaux also attract tourists and have their own charm, but Paris remains the quintessential French destination."
3,Canada,"While ""most tourist-friendly"" can be subjective and may depend on individual preferences, many consider **Vancouver** to be one of the most tourist-friendly cities in Canada. Here are a few reasons why:

1. **Natural Beauty**: Surrounded by mountains and water, Vancouver offers stunning landscapes and outdoor activities.

2. **Accessibility**: The city has a well-connected public transportation system, including SkyTrain and buses, making it easy to navigate.

3. **Cultural Diversity**: Vancouver is known for its multicultural atmosphere, which is reflected in its diverse neighborhoods, festivals, and culinary scene.

4. **Attractions**: From Stanley Park and Granville Island to the Capilano Suspension Bridge and Grouse Mountain, there are plenty of attractions to explore.

5. **Safety and Cleanliness**: The city is generally safe and maintains a high standard of cleanliness, which contributes to a pleasant visitor experience.

Other cities like **Toronto**, **Montreal**, and **Quebec City** are also popular among tourists and offer their unique attractions and experiences. Ultimately, the best choice may depend on the type of activities and experiences you are looking for."
